"Day","Observer","Location","Distance_time","Replicate","block_ID","Biomass","Abundance","Richness","Genus_richness","Area"
11,"ACS","Orpheus_Island","10min",2,"11_2_ACS",2849.4278906368,25,9,9,78.5
11,"ACS","Orpheus_Island","10min",3,"11_3_ACS",9001.86630871676,50,11,10,78.5
11,"ACS","Orpheus_Island","20m",2,"11_2_ACS",5836.69105385745,9,5,5,100
11,"ACS","Orpheus_Island","20m",3,"11_3_ACS",13178.1499204433,17,8,7,100
11,"ACS","Orpheus_Island","30m",2,"11_2_ACS",7821.40833468771,15,9,8,150
11,"ACS","Orpheus_Island","30m",3,"11_3_ACS",3014.21322391591,18,9,8,150
11,"ACS","Orpheus_Island","50m",2,"11_2_ACS",13658.0993885452,24,11,9,250
11,"ACS","Orpheus_Island","50m",3,"11_3_ACS",16192.3631443593,35,14,11,250
11,"ACS","Orpheus_Island","Instant",2,"11_2_ACS",219.57266837742,7,4,4,78.5
11,"ACS","Orpheus_Island","Instant",3,"11_3_ACS",1642.69356120267,12,7,6,78.5
11,"HFY","Orpheus_Island","10min",1,"11_1_HFY",5939.92817593627,34,12,12,78.5
11,"HFY","Orpheus_Island","10min",2,"11_2_HFY",2620.92973740024,29,5,5,78.5
11,"HFY","Orpheus_Island","10min",3,"11_3_HFY",8213.14036210077,72,13,10,78.5
11,"HFY","Orpheus_Island","10min",4,"11_4_HFY",2577.09530509507,37,14,12,78.5
11,"HFY","Orpheus_Island","20m",1,"11_1_HFY",3443.61947101407,25,7,7,100
11,"HFY","Orpheus_Island","20m",2,"11_2_HFY",1504.49496051309,11,7,6,100
11,"HFY","Orpheus_Island","20m",3,"11_3_HFY",4487.99917475114,14,9,9,100
11,"HFY","Orpheus_Island","20m",4,"11_4_HFY",4211.31783006205,18,9,8,100
11,"HFY","Orpheus_Island","30m",1,"11_1_HFY",1263.40647011159,10,6,6,150
11,"HFY","Orpheus_Island","30m",2,"11_2_HFY",923.934727354006,20,7,7,150
11,"HFY","Orpheus_Island","30m",3,"11_3_HFY",7415.16149655745,29,16,12,150
11,"HFY","Orpheus_Island","30m",4,"11_4_HFY",6538.73849640159,27,12,9,150
11,"HFY","Orpheus_Island","50m",1,"11_1_HFY",4707.02594112566,35,10,10,250
11,"HFY","Orpheus_Island","50m",2,"11_2_HFY",2428.4296878671,31,12,10,250
11,"HFY","Orpheus_Island","50m",3,"11_3_HFY",11903.1606713086,43,20,16,250
11,"HFY","Orpheus_Island","50m",4,"11_4_HFY",10750.0563264636,45,17,13,250
11,"HFY","Orpheus_Island","Instant",1,"11_1_HFY",566.47453134606,4,4,4,78.5
11,"HFY","Orpheus_Island","Instant",2,"11_2_HFY",217.855814759855,3,2,2,78.5
11,"HFY","Orpheus_Island","Instant",3,"11_3_HFY",2635.06492970943,5,3,3,78.5
11,"HFY","Orpheus_Island","Instant",4,"11_4_HFY",781.576869842951,9,1,1,78.5
11,"SBT","Orpheus_Island","10min",1,"11_1_SBT",8864.26419392145,30,7,7,78.5
11,"SBT","Orpheus_Island","10min",2,"11_2_SBT",4392.0471822526,29,9,8,78.5
11,"SBT","Orpheus_Island","10min",3,"11_3_SBT",6594.18614785529,26,6,5,78.5
11,"SBT","Orpheus_Island","10min",4,"11_4_SBT",10213.282640338,49,8,7,78.5
11,"SBT","Orpheus_Island","20m",1,"11_1_SBT",3634.93113208864,21,9,8,100
11,"SBT","Orpheus_Island","20m",2,"11_2_SBT",6242.59938481484,23,13,11,100
11,"SBT","Orpheus_Island","20m",3,"11_3_SBT",8595.0563180755,24,9,7,100
11,"SBT","Orpheus_Island","20m",4,"11_4_SBT",11902.2944247293,68,8,7,100
11,"SBT","Orpheus_Island","30m",1,"11_1_SBT",3830.97959866859,19,12,11,150
11,"SBT","Orpheus_Island","30m",2,"11_2_SBT",7434.68868198659,24,11,7,150
11,"SBT","Orpheus_Island","30m",3,"11_3_SBT",42149.3604502637,60,12,12,150
11,"SBT","Orpheus_Island","30m",4,"11_4_SBT",3933.33301915184,34,10,9,150
11,"SBT","Orpheus_Island","50m",1,"11_1_SBT",7465.91073075723,40,13,12,250
11,"SBT","Orpheus_Island","50m",2,"11_2_SBT",13677.2880668014,47,19,13,250
11,"SBT","Orpheus_Island","50m",3,"11_3_SBT",50744.4167683392,84,16,13,250
11,"SBT","Orpheus_Island","50m",4,"11_4_SBT",15835.6274438811,102,12,11,250
11,"SBT","Orpheus_Island","Instant",1,"11_1_SBT",3583.2237644762,6,6,5,78.5
11,"SBT","Orpheus_Island","Instant",2,"11_2_SBT",4514.45046700474,12,6,5,78.5
11,"SBT","Orpheus_Island","Instant",3,"11_3_SBT",1019.18705135573,10,4,4,78.5
11,"SBT","Orpheus_Island","Instant",4,"11_4_SBT",2676.933957354,5,3,3,78.5
11,"SKC","Orpheus_Island","10min",1,"11_1_SKC",2931.18825390364,26,8,8,78.5
11,"SKC","Orpheus_Island","10min",2,"11_2_SKC",8382.99789094462,42,9,8,78.5
11,"SKC","Orpheus_Island","10min",3,"11_3_SKC",2257.83651604538,32,7,7,78.5
11,"SKC","Orpheus_Island","10min",4,"11_4_SKC",2652.02158873386,22,7,6,78.5
11,"SKC","Orpheus_Island","20m",1,"11_1_SKC",5937.05945778829,51,11,9,100
11,"SKC","Orpheus_Island","20m",2,"11_2_SKC",3260.77315899371,30,9,9,100
11,"SKC","Orpheus_Island","20m",3,"11_3_SKC",2291.46327021709,22,8,8,100
11,"SKC","Orpheus_Island","20m",4,"11_4_SKC",2649.59695606278,19,7,6,100
11,"SKC","Orpheus_Island","30m",1,"11_1_SKC",4330.31434889302,38,10,8,150
11,"SKC","Orpheus_Island","30m",2,"11_2_SKC",1335.65833097355,10,5,4,150
11,"SKC","Orpheus_Island","30m",3,"11_3_SKC",10474.1172719896,78,9,7,150
11,"SKC","Orpheus_Island","30m",4,"11_4_SKC",5861.86046113292,56,13,12,150
11,"SKC","Orpheus_Island","50m",1,"11_1_SKC",10267.3738066813,89,15,11,250
11,"SKC","Orpheus_Island","50m",2,"11_2_SKC",4596.43148996727,40,11,10,250
11,"SKC","Orpheus_Island","50m",3,"11_3_SKC",12765.5805422067,100,13,10,250
11,"SKC","Orpheus_Island","50m",4,"11_4_SKC",8511.4574171957,75,15,12,250
11,"SKC","Orpheus_Island","Instant",1,"11_1_SKC",1131.41122078625,9,5,4,78.5
11,"SKC","Orpheus_Island","Instant",2,"11_2_SKC",2543.15838844582,12,6,6,78.5
11,"SKC","Orpheus_Island","Instant",3,"11_3_SKC",924.788557150222,8,5,5,78.5
11,"SKC","Orpheus_Island","Instant",4,"11_4_SKC",330.523044784162,5,3,3,78.5
12,"ACS","Fantome_Island","10min",1,"12_1_ACS",14793.7377158088,78,9,6,78.5
12,"ACS","Fantome_Island","10min",2,"12_2_ACS",6501.9328428484,45,11,6,78.5
12,"ACS","Fantome_Island","10min",3,"12_3_ACS",8295.82435271663,19,12,10,78.5
12,"ACS","Fantome_Island","10min",4,"12_4_ACS",10977.9157494369,50,8,6,78.5
12,"ACS","Fantome_Island","20m",1,"12_1_ACS",9924.19986879611,40,8,7,100
12,"ACS","Fantome_Island","20m",2,"12_2_ACS",13716.3164135937,56,12,8,100
12,"ACS","Fantome_Island","20m",3,"12_3_ACS",3643.93418512598,27,10,8,100
12,"ACS","Fantome_Island","20m",4,"12_4_ACS",9706.79996733741,42,9,5,100
12,"ACS","Fantome_Island","30m",1,"12_1_ACS",4827.86858710746,30,12,9,150
12,"ACS","Fantome_Island","30m",2,"12_2_ACS",4708.85467383876,36,19,13,150
12,"ACS","Fantome_Island","30m",3,"12_3_ACS",4834.41836494806,33,11,8,150
12,"ACS","Fantome_Island","30m",4,"12_4_ACS",15608.7558625884,54,8,7,150
12,"ACS","Fantome_Island","50m",1,"12_1_ACS",14752.0684559036,70,17,12,250
12,"ACS","Fantome_Island","50m",2,"12_2_ACS",18425.1710874324,92,25,15,250
12,"ACS","Fantome_Island","50m",3,"12_3_ACS",8478.35255007404,60,17,10,250
12,"ACS","Fantome_Island","50m",4,"12_4_ACS",25315.5558299258,96,14,9,250
12,"ACS","Fantome_Island","Instant",1,"12_1_ACS",2409.59818302018,13,4,3,78.5
12,"ACS","Fantome_Island","Instant",2,"12_2_ACS",1771.02302562734,17,8,7,78.5
12,"ACS","Fantome_Island","Instant",3,"12_3_ACS",2709.565428199,10,7,5,78.5
12,"ACS","Fantome_Island","Instant",4,"12_4_ACS",598.497430944338,6,3,3,78.5
12,"HFY","Fantome_Island","10min",1,"12_1_HFY",3022.00041553968,54,13,11,78.5
12,"HFY","Fantome_Island","10min",2,"12_2_HFY",5528.92580436014,88,18,14,78.5
12,"HFY","Fantome_Island","10min",3,"12_3_HFY",3451.51089175223,54,8,7,78.5
12,"HFY","Fantome_Island","10min",4,"12_4_HFY",3114.38637241531,36,15,11,78.5
12,"HFY","Fantome_Island","20m",1,"12_1_HFY",3060.59332969782,30,10,6,100
12,"HFY","Fantome_Island","20m",2,"12_2_HFY",8809.63821927148,87,9,8,100
12,"HFY","Fantome_Island","20m",3,"12_3_HFY",1721.9071298965,33,13,9,100
12,"HFY","Fantome_Island","20m",4,"12_4_HFY",3349.50870467063,38,15,10,100
12,"HFY","Fantome_Island","30m",1,"12_1_HFY",6919.19683306958,66,13,8,150
12,"HFY","Fantome_Island","30m",2,"12_2_HFY",3063.06206731656,46,13,9,150
12,"HFY","Fantome_Island","30m",3,"12_3_HFY",2914.93645053322,48,15,10,150
12,"HFY","Fantome_Island","30m",4,"12_4_HFY",10410.1215469428,108,13,8,150
12,"HFY","Fantome_Island","50m",1,"12_1_HFY",9979.79016276741,96,17,9,250
12,"HFY","Fantome_Island","50m",2,"12_2_HFY",11872.700286588,133,15,11,250
12,"HFY","Fantome_Island","50m",3,"12_3_HFY",4636.84358042972,81,19,13,250
12,"HFY","Fantome_Island","50m",4,"12_4_HFY",13759.6302516134,146,23,13,250
12,"HFY","Fantome_Island","Instant",1,"12_1_HFY",1783.0771425948,43,2,2,78.5
12,"HFY","Fantome_Island","Instant",2,"12_2_HFY",617.122957396717,8,3,3,78.5
12,"HFY","Fantome_Island","Instant",3,"12_3_HFY",490.780489943571,6,5,4,78.5
12,"HFY","Fantome_Island","Instant",4,"12_4_HFY",88.379159467814,3,2,2,78.5
12,"SBT","Fantome_Island","10min",1,"12_1_SBT",7900.49657090388,76,17,9,78.5
12,"SBT","Fantome_Island","10min",2,"12_2_SBT",4331.09360367455,39,15,9,78.5
12,"SBT","Fantome_Island","10min",3,"12_3_SBT",15760.6446130436,46,16,13,78.5
12,"SBT","Fantome_Island","10min",4,"12_4_SBT",3447.88291864025,39,18,13,78.5
12,"SBT","Fantome_Island","20m",1,"12_1_SBT",2232.5326335204,13,11,7,100
12,"SBT","Fantome_Island","20m",2,"12_2_SBT",21928.8825943766,20,11,9,100
12,"SBT","Fantome_Island","20m",3,"12_3_SBT",8114.33754547898,9,9,7,100
12,"SBT","Fantome_Island","20m",4,"12_4_SBT",8630.86872772613,23,15,12,100
12,"SBT","Fantome_Island","30m",1,"12_1_SBT",5288.24063261534,21,11,9,150
12,"SBT","Fantome_Island","30m",2,"12_2_SBT",26328.0972603441,42,14,14,150
12,"SBT","Fantome_Island","30m",3,"12_3_SBT",17886.5947011526,55,11,10,150
12,"SBT","Fantome_Island","30m",4,"12_4_SBT",2547.86058944466,18,12,9,150
12,"SBT","Fantome_Island","50m",1,"12_1_SBT",7520.77326613574,34,18,11,250
12,"SBT","Fantome_Island","50m",2,"12_2_SBT",48256.9798547206,62,20,17,250
12,"SBT","Fantome_Island","50m",3,"12_3_SBT",26000.9322466316,64,16,12,250
12,"SBT","Fantome_Island","50m",4,"12_4_SBT",11178.7293171708,41,24,17,250
12,"SBT","Fantome_Island","Instant",1,"12_1_SBT",2094.54940579922,36,6,5,78.5
12,"SBT","Fantome_Island","Instant",2,"12_2_SBT",988.113939734648,8,3,3,78.5
12,"SBT","Fantome_Island","Instant",3,"12_3_SBT",4318.06164389765,9,5,5,78.5
12,"SBT","Fantome_Island","Instant",4,"12_4_SBT",3407.39537343067,13,6,6,78.5
12,"SKC","Fantome_Island","10min",1,"12_1_SKC",4293.16485725158,28,15,12,78.5
12,"SKC","Fantome_Island","10min",2,"12_2_SKC",9870.27315674595,125,13,9,78.5
12,"SKC","Fantome_Island","10min",3,"12_3_SKC",8264.96043550696,29,16,13,78.5
12,"SKC","Fantome_Island","10min",4,"12_4_SKC",3116.29822218387,33,15,11,78.5
12,"SKC","Fantome_Island","20m",1,"12_1_SKC",3302.24175514811,34,4,4,100
12,"SKC","Fantome_Island","20m",2,"12_2_SKC",3857.3463277221,39,12,8,100
12,"SKC","Fantome_Island","20m",3,"12_3_SKC",2239.39138019538,16,11,9,100
12,"SKC","Fantome_Island","20m",4,"12_4_SKC",13497.6951771048,94,17,13,100
12,"SKC","Fantome_Island","30m",1,"12_1_SKC",2897.22880545428,68,9,8,150
12,"SKC","Fantome_Island","30m",2,"12_2_SKC",6308.59952344135,66,11,8,150
12,"SKC","Fantome_Island","30m",3,"12_3_SKC",7443.20593807946,62,14,8,150
12,"SKC","Fantome_Island","30m",4,"12_4_SKC",2487.56205379193,18,12,8,150
12,"SKC","Fantome_Island","50m",1,"12_1_SKC",6199.47056060239,102,10,9,250
12,"SKC","Fantome_Island","50m",2,"12_2_SKC",10165.9458511634,105,18,12,250
12,"SKC","Fantome_Island","50m",3,"12_3_SKC",9682.59731827484,78,21,13,250
12,"SKC","Fantome_Island","50m",4,"12_4_SKC",15985.2572308967,112,23,15,250
12,"SKC","Fantome_Island","Instant",1,"12_1_SKC",2508.9966658489,24,4,3,78.5
12,"SKC","Fantome_Island","Instant",2,"12_2_SKC",1428.85391289814,11,6,5,78.5
12,"SKC","Fantome_Island","Instant",3,"12_3_SKC",1942.96099349582,6,4,4,78.5
12,"SKC","Fantome_Island","Instant",4,"12_4_SKC",1380.1863198791,8,6,6,78.5
13,"ACS","Fantome_Island","10min",1,"13_1_ACS",1245.99941323962,22,7,4,78.5
13,"ACS","Fantome_Island","10min",2,"13_2_ACS",5083.73823177725,34,13,8,78.5
13,"ACS","Fantome_Island","10min",3,"13_3_ACS",34515.8636821015,80,9,8,78.5
13,"ACS","Fantome_Island","10min",4,"13_4_ACS",1532.98821885574,24,13,10,78.5
13,"ACS","Fantome_Island","20m",1,"13_1_ACS",5100.66504277312,25,9,6,100
13,"ACS","Fantome_Island","20m",2,"13_2_ACS",3918.79606642581,21,12,9,100
13,"ACS","Fantome_Island","20m",3,"13_3_ACS",3355.2340926241,29,13,11,100
13,"ACS","Fantome_Island","20m",4,"13_4_ACS",14406.1490274549,46,13,8,100
13,"ACS","Fantome_Island","30m",1,"13_1_ACS",8458.59733243317,38,14,8,150
13,"ACS","Fantome_Island","30m",2,"13_2_ACS",5446.84193888022,33,11,7,150
13,"ACS","Fantome_Island","30m",3,"13_3_ACS",4595.55120794128,47,11,9,150
13,"ACS","Fantome_Island","30m",4,"13_4_ACS",8303.91363287885,34,11,9,150
13,"ACS","Fantome_Island","50m",1,"13_1_ACS",13559.2623752063,63,18,9,250
13,"ACS","Fantome_Island","50m",2,"13_2_ACS",9365.63800530602,54,21,11,250
13,"ACS","Fantome_Island","50m",3,"13_3_ACS",7950.78530056538,76,18,14,250
13,"ACS","Fantome_Island","50m",4,"13_4_ACS",22710.0626603338,80,19,13,250
13,"ACS","Fantome_Island","Instant",1,"13_1_ACS",683.084729628297,4,4,4,78.5
13,"ACS","Fantome_Island","Instant",2,"13_2_ACS",2312.47743857566,16,8,6,78.5
13,"ACS","Fantome_Island","Instant",3,"13_3_ACS",1510.79398010837,10,3,3,78.5
13,"ACS","Fantome_Island","Instant",4,"13_4_ACS",326.223766904035,10,5,4,78.5
13,"HFY","Fantome_Island","10min",1,"13_1_HFY",2397.06605671467,33,14,10,78.5
13,"HFY","Fantome_Island","10min",2,"13_2_HFY",3021.22051722038,24,14,9,78.5
13,"HFY","Fantome_Island","10min",3,"13_3_HFY",1283.91528092362,33,15,12,78.5
13,"HFY","Fantome_Island","10min",4,"13_4_HFY",4585.5876365762,31,14,12,78.5
13,"HFY","Fantome_Island","20m",1,"13_1_HFY",1790.9103605776,35,11,9,100
13,"HFY","Fantome_Island","20m",2,"13_2_HFY",5463.93471800717,39,15,10,100
13,"HFY","Fantome_Island","20m",3,"13_3_HFY",44253.1485133653,40,10,10,100
13,"HFY","Fantome_Island","20m",4,"13_4_HFY",37777.6660877235,60,12,9,100
13,"HFY","Fantome_Island","30m",1,"13_1_HFY",4393.08802803422,45,8,6,150
13,"HFY","Fantome_Island","30m",2,"13_2_HFY",4093.67204544746,38,11,8,150
13,"HFY","Fantome_Island","30m",3,"13_3_HFY",7756.03387227216,46,16,12,150
13,"HFY","Fantome_Island","30m",4,"13_4_HFY",15676.3412515467,48,17,10,150
13,"HFY","Fantome_Island","50m",1,"13_1_HFY",6183.99838861182,80,14,11,250
13,"HFY","Fantome_Island","50m",2,"13_2_HFY",9557.60676345462,77,19,13,250
13,"HFY","Fantome_Island","50m",3,"13_3_HFY",52009.1823856374,86,21,15,250
13,"HFY","Fantome_Island","50m",4,"13_4_HFY",53454.0073392701,108,21,13,250
13,"HFY","Fantome_Island","Instant",1,"13_1_HFY",218.040080355441,5,5,5,78.5
13,"HFY","Fantome_Island","Instant",2,"13_2_HFY",950.125909658334,7,6,4,78.5
13,"HFY","Fantome_Island","Instant",3,"13_3_HFY",7422.05330281115,16,4,3,78.5
13,"HFY","Fantome_Island","Instant",4,"13_4_HFY",270.108621859703,4,3,3,78.5
13,"SBT","Fantome_Island","10min",1,"13_1_SBT",7897.60202656571,45,16,12,78.5
13,"SBT","Fantome_Island","10min",2,"13_2_SBT",13749.9454439229,76,15,11,78.5
13,"SBT","Fantome_Island","10min",3,"13_3_SBT",9000.08755316152,47,21,13,78.5
13,"SBT","Fantome_Island","10min",4,"13_4_SBT",3122.74701439758,33,14,10,78.5
13,"SBT","Fantome_Island","20m",1,"13_1_SBT",1813.72322588204,15,7,5,100
13,"SBT","Fantome_Island","20m",2,"13_2_SBT",2054.84619449303,20,5,4,100
13,"SBT","Fantome_Island","20m",3,"13_3_SBT",1336.96512495062,13,6,5,100
13,"SBT","Fantome_Island","20m",4,"13_4_SBT",2221.216425738,18,10,9,100
13,"SBT","Fantome_Island","30m",1,"13_1_SBT",4011.96963691811,38,9,8,150
13,"SBT","Fantome_Island","30m",2,"13_2_SBT",5255.94903358115,31,11,10,150
13,"SBT","Fantome_Island","30m",3,"13_3_SBT",3190.22756433215,42,11,10,150
13,"SBT","Fantome_Island","30m",4,"13_4_SBT",3351.45573819343,39,9,7,150
13,"SBT","Fantome_Island","50m",1,"13_1_SBT",5825.69286280016,53,14,9,250
13,"SBT","Fantome_Island","50m",2,"13_2_SBT",7310.79522807418,51,14,11,250
13,"SBT","Fantome_Island","50m",3,"13_3_SBT",4527.19268928277,55,14,11,250
13,"SBT","Fantome_Island","50m",4,"13_4_SBT",5572.67216393143,57,16,11,250
13,"SBT","Fantome_Island","Instant",1,"13_1_SBT",1254.96943350285,6,5,5,78.5
13,"SBT","Fantome_Island","Instant",2,"13_2_SBT",26116.4973807041,61,2,2,78.5
13,"SBT","Fantome_Island","Instant",3,"13_3_SBT",1103.76687563999,7,7,6,78.5
13,"SBT","Fantome_Island","Instant",4,"13_4_SBT",347.629969062379,5,4,4,78.5
13,"SKC","Fantome_Island","10min",1,"13_1_SKC",6466.12442069381,55,13,8,78.5
13,"SKC","Fantome_Island","10min",2,"13_2_SKC",8784.47994248092,85,18,10,78.5
13,"SKC","Fantome_Island","10min",3,"13_3_SKC",4803.99190111768,37,15,8,78.5
13,"SKC","Fantome_Island","10min",4,"13_4_SKC",7331.25617398165,70,18,12,78.5
13,"SKC","Fantome_Island","20m",1,"13_1_SKC",1916.28655331202,34,5,4,100
13,"SKC","Fantome_Island","20m",2,"13_2_SKC",1832.59810916211,22,11,7,100
13,"SKC","Fantome_Island","20m",3,"13_3_SKC",3358.47655817085,32,7,5,100
13,"SKC","Fantome_Island","20m",4,"13_4_SKC",6563.77695653076,57,6,6,100
13,"SKC","Fantome_Island","30m",1,"13_1_SKC",6655.68611976788,26,9,6,150
13,"SKC","Fantome_Island","30m",2,"13_2_SKC",3601.2819462925,32,13,9,150
13,"SKC","Fantome_Island","30m",3,"13_3_SKC",2950.98584437188,33,10,7,150
13,"SKC","Fantome_Island","30m",4,"13_4_SKC",5884.19293856035,50,10,9,150
13,"SKC","Fantome_Island","50m",1,"13_1_SKC",8571.9726730799,60,12,7,250
13,"SKC","Fantome_Island","50m",2,"13_2_SKC",5433.88005545461,54,19,12,250
13,"SKC","Fantome_Island","50m",3,"13_3_SKC",6309.46240254272,65,14,9,250
13,"SKC","Fantome_Island","50m",4,"13_4_SKC",12447.9698950911,107,13,10,250
13,"SKC","Fantome_Island","Instant",1,"13_1_SKC",1569.11932550171,10,3,2,78.5
13,"SKC","Fantome_Island","Instant",2,"13_2_SKC",5202.89669029992,38,10,6,78.5
13,"SKC","Fantome_Island","Instant",3,"13_3_SKC",1454.19590899976,13,2,2,78.5
13,"SKC","Fantome_Island","Instant",4,"13_4_SKC",2602.66680043697,26,8,7,78.5
14,"ACS","Fantome_Island","10min",1,"14_1_ACS",8186.34301518051,41,11,8,78.5
14,"ACS","Fantome_Island","10min",2,"14_2_ACS",7879.11137309085,56,17,10,78.5
14,"ACS","Fantome_Island","10min",3,"14_3_ACS",2015.22127266417,27,14,11,78.5
14,"ACS","Fantome_Island","10min",4,"14_4_ACS",1844.46194798294,23,12,8,78.5
14,"ACS","Fantome_Island","20m",1,"14_1_ACS",1102.26397982804,9,6,5,100
14,"ACS","Fantome_Island","20m",2,"14_2_ACS",1899.6576337469,16,9,5,100
14,"ACS","Fantome_Island","20m",3,"14_3_ACS",3254.14312740506,25,9,7,100
14,"ACS","Fantome_Island","20m",4,"14_4_ACS",2940.55430233823,35,12,9,100
14,"ACS","Fantome_Island","30m",1,"14_1_ACS",4393.97402265487,35,7,7,150
14,"ACS","Fantome_Island","30m",2,"14_2_ACS",3467.09834374799,24,14,12,150
14,"ACS","Fantome_Island","30m",3,"14_3_ACS",3058.9652220217,32,15,10,150
14,"ACS","Fantome_Island","30m",4,"14_4_ACS",2301.1719798818,32,12,9,150
14,"ACS","Fantome_Island","50m",1,"14_1_ACS",5496.23800248291,44,11,7,250
14,"ACS","Fantome_Island","50m",2,"14_2_ACS",5366.75597749489,40,18,12,250
14,"ACS","Fantome_Island","50m",3,"14_3_ACS",6313.10834942676,57,18,11,250
14,"ACS","Fantome_Island","50m",4,"14_4_ACS",5241.72628222002,67,18,12,250
14,"ACS","Fantome_Island","Instant",1,"14_1_ACS",7421.73002605315,33,5,4,78.5
14,"ACS","Fantome_Island","Instant",2,"14_2_ACS",3214.99016283845,22,4,4,78.5
14,"ACS","Fantome_Island","Instant",3,"14_3_ACS",524.419574321827,6,4,4,78.5
14,"ACS","Fantome_Island","Instant",4,"14_4_ACS",892.167127317772,10,5,4,78.5
14,"HFY","Fantome_Island","10min",1,"14_1_HFY",9707.68679039627,57,19,13,78.5
14,"HFY","Fantome_Island","10min",2,"14_2_HFY",18800.7761916742,44,21,13,78.5
14,"HFY","Fantome_Island","10min",3,"14_3_HFY",3981.06970920894,37,16,11,78.5
14,"HFY","Fantome_Island","10min",4,"14_4_HFY",4944.16390764543,48,14,10,78.5
14,"HFY","Fantome_Island","20m",1,"14_1_HFY",3123.93952673258,22,9,8,100
14,"HFY","Fantome_Island","20m",2,"14_2_HFY",3702.52652225579,34,15,9,100
14,"HFY","Fantome_Island","20m",3,"14_3_HFY",7475.97709962995,41,14,11,100
14,"HFY","Fantome_Island","20m",4,"14_4_HFY",4058.24532971602,32,14,11,100
14,"HFY","Fantome_Island","30m",1,"14_1_HFY",7637.02808011605,74,11,8,150
14,"HFY","Fantome_Island","30m",2,"14_2_HFY",2622.72047698171,28,11,8,150
14,"HFY","Fantome_Island","30m",3,"14_3_HFY",11993.2994055057,76,15,9,150
14,"HFY","Fantome_Island","30m",4,"14_4_HFY",10668.2131495937,44,11,9,150
14,"HFY","Fantome_Island","50m",1,"14_1_HFY",10760.9676068486,96,14,10,250
14,"HFY","Fantome_Island","50m",2,"14_2_HFY",6325.24699923751,62,19,11,250
14,"HFY","Fantome_Island","50m",3,"14_3_HFY",19469.2765051357,117,24,14,250
14,"HFY","Fantome_Island","50m",4,"14_4_HFY",14726.4584793097,76,19,15,250
14,"HFY","Fantome_Island","Instant",1,"14_1_HFY",1953.76599640372,13,8,5,78.5
14,"HFY","Fantome_Island","Instant",2,"14_2_HFY",5267.61742107257,11,5,4,78.5
14,"HFY","Fantome_Island","Instant",3,"14_3_HFY",2535.19694621161,10,4,4,78.5
14,"HFY","Fantome_Island","Instant",4,"14_4_HFY",262.66020763001,4,4,4,78.5
14,"SBT","Fantome_Island","10min",1,"14_1_SBT",3852.92465330443,38,14,11,78.5
14,"SBT","Fantome_Island","10min",2,"14_2_SBT",2604.25131996803,18,13,10,78.5
14,"SBT","Fantome_Island","10min",3,"14_3_SBT",5536.00597808184,50,15,12,78.5
14,"SBT","Fantome_Island","10min",4,"14_4_SBT",12165.5079452496,34,18,14,78.5
14,"SBT","Fantome_Island","20m",1,"14_1_SBT",14921.049286081,72,8,5,100
14,"SBT","Fantome_Island","20m",2,"14_2_SBT",486.912390077036,6,2,2,100
14,"SBT","Fantome_Island","20m",3,"14_3_SBT",5602.69742176008,14,9,8,100
14,"SBT","Fantome_Island","20m",4,"14_4_SBT",2483.97081767321,13,7,6,100
14,"SBT","Fantome_Island","30m",1,"14_1_SBT",5407.57950903202,27,12,10,150
14,"SBT","Fantome_Island","30m",2,"14_2_SBT",3595.67373249021,22,9,9,150
14,"SBT","Fantome_Island","30m",3,"14_3_SBT",27677.2463916679,46,18,16,150
14,"SBT","Fantome_Island","30m",4,"14_4_SBT",6398.74443323917,37,10,7,150
14,"SBT","Fantome_Island","50m",1,"14_1_SBT",20328.628795113,99,17,11,250
14,"SBT","Fantome_Island","50m",2,"14_2_SBT",4082.58612256724,28,9,9,250
14,"SBT","Fantome_Island","50m",3,"14_3_SBT",33279.943813428,60,22,18,250
14,"SBT","Fantome_Island","50m",4,"14_4_SBT",8882.71525091238,50,12,9,250
14,"SBT","Fantome_Island","Instant",1,"14_1_SBT",999.91840674465,10,6,6,78.5
14,"SBT","Fantome_Island","Instant",2,"14_2_SBT",568.628462969801,6,6,5,78.5
14,"SBT","Fantome_Island","Instant",3,"14_3_SBT",14218.8562668116,43,5,4,78.5
14,"SBT","Fantome_Island","Instant",4,"14_4_SBT",12558.6937952959,56,10,8,78.5
14,"SKC","Fantome_Island","10min",1,"14_1_SKC",3561.25947829637,36,16,12,78.5
14,"SKC","Fantome_Island","10min",2,"14_2_SKC",4770.95150428285,54,11,8,78.5
14,"SKC","Fantome_Island","10min",3,"14_3_SKC",13204.1772414805,27,10,8,78.5
14,"SKC","Fantome_Island","10min",4,"14_4_SKC",15082.535845788,104,16,9,78.5
14,"SKC","Fantome_Island","20m",1,"14_1_SKC",4244.81636190003,41,10,7,100
14,"SKC","Fantome_Island","20m",2,"14_2_SKC",3189.45070625024,22,12,10,100
14,"SKC","Fantome_Island","20m",3,"14_3_SKC",4183.17876473295,22,4,3,100
14,"SKC","Fantome_Island","20m",4,"14_4_SKC",2324.52035256,9,5,4,100
14,"SKC","Fantome_Island","30m",1,"14_1_SKC",5521.25475331172,18,14,11,150
14,"SKC","Fantome_Island","30m",2,"14_2_SKC",6000.79005861902,37,9,8,150
14,"SKC","Fantome_Island","30m",3,"14_3_SKC",14839.1742170293,66,16,11,150
14,"SKC","Fantome_Island","30m",4,"14_4_SKC",3972.98889958227,42,8,7,150
14,"SKC","Fantome_Island","50m",1,"14_1_SKC",9766.07111521174,59,22,14,250
14,"SKC","Fantome_Island","50m",2,"14_2_SKC",9190.24076486925,59,18,13,250
14,"SKC","Fantome_Island","50m",3,"14_3_SKC",19022.3529817622,88,17,12,250
14,"SKC","Fantome_Island","50m",4,"14_4_SKC",6297.50925214226,51,11,8,250
14,"SKC","Fantome_Island","Instant",1,"14_1_SKC",6833.11368849129,58,5,5,78.5
14,"SKC","Fantome_Island","Instant",2,"14_2_SKC",2532.7313526925,21,5,4,78.5
14,"SKC","Fantome_Island","Instant",3,"14_3_SKC",9424.28006015952,4,2,2,78.5
14,"SKC","Fantome_Island","Instant",4,"14_4_SKC",3138.08779417618,26,6,6,78.5
15,"ACS","Orpheus_Island","10min",1,"15_1_ACS",26125.4182666881,57,14,12,78.5
15,"ACS","Orpheus_Island","10min",2,"15_2_ACS",15370.6246790559,55,15,12,78.5
15,"ACS","Orpheus_Island","10min",3,"15_3_ACS",2499.63854581469,21,9,7,78.5
15,"ACS","Orpheus_Island","10min",4,"15_4_ACS",2235.54325580972,24,9,8,78.5
15,"ACS","Orpheus_Island","20m",1,"15_1_ACS",4857.05309083954,35,9,8,100
15,"ACS","Orpheus_Island","20m",2,"15_2_ACS",9106.59567207623,48,13,11,100
15,"ACS","Orpheus_Island","20m",3,"15_3_ACS",3377.56115730575,14,8,7,100
15,"ACS","Orpheus_Island","20m",4,"15_4_ACS",4306.48026713873,53,9,8,100
15,"ACS","Orpheus_Island","30m",1,"15_1_ACS",8444.66834546611,46,17,12,150
15,"ACS","Orpheus_Island","30m",2,"15_2_ACS",2855.16213892841,39,12,8,150
15,"ACS","Orpheus_Island","30m",3,"15_3_ACS",3477.18594923621,41,12,11,150
15,"ACS","Orpheus_Island","30m",4,"15_4_ACS",9597.28359485075,114,13,11,150
15,"ACS","Orpheus_Island","50m",1,"15_1_ACS",13301.7214363057,81,20,13,250
15,"ACS","Orpheus_Island","50m",2,"15_2_ACS",11961.7578110046,87,20,14,250
15,"ACS","Orpheus_Island","50m",3,"15_3_ACS",6854.74710654196,55,17,14,250
15,"ACS","Orpheus_Island","50m",4,"15_4_ACS",13903.7638619895,167,14,12,250
15,"ACS","Orpheus_Island","Instant",1,"15_1_ACS",8742.44872715221,25,8,7,78.5
15,"ACS","Orpheus_Island","Instant",2,"15_2_ACS",2769.4052168976,13,8,8,78.5
15,"ACS","Orpheus_Island","Instant",3,"15_3_ACS",3654.9940317266,11,5,4,78.5
15,"ACS","Orpheus_Island","Instant",4,"15_4_ACS",1976.62082748102,8,4,4,78.5
15,"HFY","Orpheus_Island","10min",1,"15_1_HFY",26840.3626323544,67,19,12,78.5
15,"HFY","Orpheus_Island","10min",2,"15_2_HFY",9740.65314198447,81,12,11,78.5
15,"HFY","Orpheus_Island","10min",3,"15_3_HFY",3773.28347186602,30,16,11,78.5
15,"HFY","Orpheus_Island","10min",4,"15_4_HFY",4995.02525072788,25,12,11,78.5
15,"HFY","Orpheus_Island","20m",1,"15_1_HFY",5736.88533618304,38,17,13,100
15,"HFY","Orpheus_Island","20m",2,"15_2_HFY",7879.67598824025,57,19,15,100
15,"HFY","Orpheus_Island","20m",3,"15_3_HFY",5415.31479264336,30,12,9,100
15,"HFY","Orpheus_Island","20m",4,"15_4_HFY",9819.76265564021,56,18,15,100
15,"HFY","Orpheus_Island","30m",1,"15_1_HFY",28023.9521294668,91,21,18,150
15,"HFY","Orpheus_Island","30m",2,"15_2_HFY",11491.2641908512,48,20,16,150
15,"HFY","Orpheus_Island","30m",3,"15_3_HFY",5478.04689238127,34,16,11,150
15,"HFY","Orpheus_Island","30m",4,"15_4_HFY",5770.05932318562,34,18,12,150
15,"HFY","Orpheus_Island","50m",1,"15_1_HFY",33760.8374656498,129,26,20,250
15,"HFY","Orpheus_Island","50m",2,"15_2_HFY",19370.9401790915,105,27,19,250
15,"HFY","Orpheus_Island","50m",3,"15_3_HFY",10893.3616850246,64,21,14,250
15,"HFY","Orpheus_Island","50m",4,"15_4_HFY",15589.8219788258,90,26,18,250
15,"HFY","Orpheus_Island","Instant",1,"15_1_HFY",4295.57873454242,15,6,5,78.5
15,"HFY","Orpheus_Island","Instant",2,"15_2_HFY",3441.46574488368,9,5,4,78.5
15,"HFY","Orpheus_Island","Instant",3,"15_3_HFY",1566.25104288961,5,2,2,78.5
15,"HFY","Orpheus_Island","Instant",4,"15_4_HFY",923.328427661712,9,3,3,78.5
15,"SBT","Orpheus_Island","10min",1,"15_1_SBT",10846.4857969085,42,16,11,78.5
15,"SBT","Orpheus_Island","10min",2,"15_2_SBT",8780.58016387321,47,23,16,78.5
15,"SBT","Orpheus_Island","10min",3,"15_3_SBT",9239.1718403664,36,14,11,78.5
15,"SBT","Orpheus_Island","10min",4,"15_4_SBT",12002.480486133,35,15,11,78.5
15,"SBT","Orpheus_Island","20m",1,"15_1_SBT",2469.68955665002,17,9,7,100
15,"SBT","Orpheus_Island","20m",2,"15_2_SBT",2636.61778995304,26,10,9,100
15,"SBT","Orpheus_Island","20m",3,"15_3_SBT",10307.4978753829,37,12,9,100
15,"SBT","Orpheus_Island","20m",4,"15_4_SBT",14040.4872641368,23,8,7,100
15,"SBT","Orpheus_Island","30m",1,"15_1_SBT",9986.70206095237,40,13,9,150
15,"SBT","Orpheus_Island","30m",2,"15_2_SBT",26166.7923887199,64,12,10,150
15,"SBT","Orpheus_Island","30m",3,"15_3_SBT",5686.42463435973,14,9,9,150
15,"SBT","Orpheus_Island","30m",4,"15_4_SBT",11002.9835301378,40,15,11,150
15,"SBT","Orpheus_Island","50m",1,"15_1_SBT",12456.3916176024,57,16,11,250
15,"SBT","Orpheus_Island","50m",2,"15_2_SBT",28803.4101786729,90,18,15,250
15,"SBT","Orpheus_Island","50m",3,"15_3_SBT",15993.9225097426,51,18,13,250
15,"SBT","Orpheus_Island","50m",4,"15_4_SBT",25043.4707942746,63,18,12,250
15,"SBT","Orpheus_Island","Instant",1,"15_1_SBT",2239.2489888315,19,7,5,78.5
15,"SBT","Orpheus_Island","Instant",2,"15_2_SBT",11293.8284039355,27,10,9,78.5
15,"SBT","Orpheus_Island","Instant",3,"15_3_SBT",2124.86901469709,18,8,8,78.5
15,"SBT","Orpheus_Island","Instant",4,"15_4_SBT",6552.36487422079,12,6,5,78.5
15,"SKC","Orpheus_Island","10min",1,"15_1_SKC",14588.8018959343,59,21,15,78.5
15,"SKC","Orpheus_Island","10min",2,"15_2_SKC",10021.1578289964,77,23,15,78.5
15,"SKC","Orpheus_Island","10min",3,"15_3_SKC",12459.6300359197,39,16,12,78.5
15,"SKC","Orpheus_Island","10min",4,"15_4_SKC",10648.5376659812,58,19,12,78.5
15,"SKC","Orpheus_Island","20m",1,"15_1_SKC",2688.10831663341,37,9,8,100
15,"SKC","Orpheus_Island","20m",2,"15_2_SKC",10359.3677014703,73,17,14,100
15,"SKC","Orpheus_Island","20m",3,"15_3_SKC",7981.7214687717,48,12,10,100
15,"SKC","Orpheus_Island","20m",4,"15_4_SKC",6608.89082819094,15,8,8,100
15,"SKC","Orpheus_Island","30m",1,"15_1_SKC",5587.83134719211,36,19,14,150
15,"SKC","Orpheus_Island","30m",2,"15_2_SKC",48714.3409606465,63,24,19,150
15,"SKC","Orpheus_Island","30m",3,"15_3_SKC",4387.28863242193,24,10,9,150
15,"SKC","Orpheus_Island","30m",4,"15_4_SKC",11254.2666415607,47,19,13,150
15,"SKC","Orpheus_Island","50m",1,"15_1_SKC",8275.93966382552,73,22,17,250
15,"SKC","Orpheus_Island","50m",2,"15_2_SKC",59073.7086621168,136,32,24,250
15,"SKC","Orpheus_Island","50m",3,"15_3_SKC",12369.0101011936,72,20,16,250
15,"SKC","Orpheus_Island","50m",4,"15_4_SKC",17863.1574697516,62,22,16,250
15,"SKC","Orpheus_Island","Instant",1,"15_1_SKC",4419.57891850231,11,4,4,78.5
15,"SKC","Orpheus_Island","Instant",2,"15_2_SKC",3101.31563361003,25,8,8,78.5
15,"SKC","Orpheus_Island","Instant",3,"15_3_SKC",7324.19785256151,12,4,4,78.5
15,"SKC","Orpheus_Island","Instant",4,"15_4_SKC",1028.29198010796,8,4,4,78.5
16,"ACS","Orpheus_Island","10min",1,"16_1_ACS",8385.85846526311,59,19,15,78.5
16,"ACS","Orpheus_Island","10min",2,"16_2_ACS",12893.8825578863,67,15,11,78.5
16,"ACS","Orpheus_Island","10min",3,"16_3_ACS",4214.55653074138,24,11,9,78.5
16,"ACS","Orpheus_Island","10min",4,"16_4_ACS",4665.34301699988,21,13,11,78.5
16,"ACS","Orpheus_Island","20m",1,"16_1_ACS",4033.33956437283,44,8,6,100
16,"ACS","Orpheus_Island","20m",2,"16_2_ACS",8032.00974986972,52,13,12,100
16,"ACS","Orpheus_Island","20m",3,"16_3_ACS",15857.339999165,36,12,9,100
16,"ACS","Orpheus_Island","20m",4,"16_4_ACS",5928.17714805182,16,13,12,100
16,"ACS","Orpheus_Island","30m",1,"16_1_ACS",18528.3879839507,75,20,13,150
16,"ACS","Orpheus_Island","30m",2,"16_2_ACS",9525.87415122657,57,19,15,150
16,"ACS","Orpheus_Island","30m",3,"16_3_ACS",2961.91198061179,9,8,8,150
16,"ACS","Orpheus_Island","30m",4,"16_4_ACS",8491.81907329307,18,9,8,150
16,"ACS","Orpheus_Island","50m",1,"16_1_ACS",22561.7275483236,119,22,14,250
16,"ACS","Orpheus_Island","50m",2,"16_2_ACS",17557.8839010963,109,24,16,250
16,"ACS","Orpheus_Island","50m",3,"16_3_ACS",18819.2519797768,45,18,14,250
16,"ACS","Orpheus_Island","50m",4,"16_4_ACS",14419.9962213449,34,19,15,250
16,"ACS","Orpheus_Island","Instant",1,"16_1_ACS",2226.21477673917,16,8,7,78.5
16,"ACS","Orpheus_Island","Instant",2,"16_2_ACS",3575.21679548119,17,6,5,78.5
16,"ACS","Orpheus_Island","Instant",3,"16_3_ACS",904.960295537964,8,4,4,78.5
16,"ACS","Orpheus_Island","Instant",4,"16_4_ACS",901.649734146144,8,4,4,78.5
16,"HFY","Orpheus_Island","10min",1,"16_1_HFY",7412.83288231495,43,21,16,78.5
16,"HFY","Orpheus_Island","10min",2,"16_2_HFY",7824.75344457809,47,22,16,78.5
16,"HFY","Orpheus_Island","10min",3,"16_3_HFY",2140.13215504019,26,16,13,78.5
16,"HFY","Orpheus_Island","10min",4,"16_4_HFY",6240.4954522703,62,16,13,78.5
16,"HFY","Orpheus_Island","20m",1,"16_1_HFY",4461.24271920793,33,11,9,100
16,"HFY","Orpheus_Island","20m",2,"16_2_HFY",5558.89208459816,38,21,14,100
16,"HFY","Orpheus_Island","20m",3,"16_3_HFY",9192.7650310341,28,14,11,100
16,"HFY","Orpheus_Island","20m",4,"16_4_HFY",1995.11659012101,23,11,10,100
16,"HFY","Orpheus_Island","30m",1,"16_1_HFY",12614.7936919004,75,26,16,150
16,"HFY","Orpheus_Island","30m",2,"16_2_HFY",9254.76664588546,61,19,14,150
16,"HFY","Orpheus_Island","30m",3,"16_3_HFY",3109.71292456639,29,14,12,150
16,"HFY","Orpheus_Island","30m",4,"16_4_HFY",9515.53821851367,41,17,13,150
16,"HFY","Orpheus_Island","50m",1,"16_1_HFY",17076.0364111083,108,28,17,250
16,"HFY","Orpheus_Island","50m",2,"16_2_HFY",14813.6587304836,99,27,18,250
16,"HFY","Orpheus_Island","50m",3,"16_3_HFY",12302.4779556005,57,22,16,250
16,"HFY","Orpheus_Island","50m",4,"16_4_HFY",11510.6548086347,64,20,15,250
16,"HFY","Orpheus_Island","Instant",1,"16_1_HFY",3199.15985763267,20,5,4,78.5
16,"HFY","Orpheus_Island","Instant",2,"16_2_HFY",1137.49471647558,6,4,4,78.5
16,"HFY","Orpheus_Island","Instant",3,"16_3_HFY",227.697556549183,5,4,4,78.5
16,"HFY","Orpheus_Island","Instant",4,"16_4_HFY",2019.01833790678,20,6,5,78.5
16,"SBT","Orpheus_Island","10min",1,"16_1_SBT",6783.80455298559,28,17,13,78.5
16,"SBT","Orpheus_Island","10min",2,"16_2_SBT",5445.39211565433,21,11,9,78.5
16,"SBT","Orpheus_Island","10min",3,"16_3_SBT",9384.99664501517,13,6,6,78.5
16,"SBT","Orpheus_Island","10min",4,"16_4_SBT",2308.74204481521,21,9,7,78.5
16,"SBT","Orpheus_Island","20m",1,"16_1_SBT",24502.8573982202,67,9,7,100
16,"SBT","Orpheus_Island","20m",2,"16_2_SBT",19627.1927936467,23,14,13,100
16,"SBT","Orpheus_Island","20m",3,"16_3_SBT",6810.92452802597,26,14,10,100
16,"SBT","Orpheus_Island","20m",4,"16_4_SBT",4367.45050438783,22,10,9,100
16,"SBT","Orpheus_Island","30m",1,"16_1_SBT",4485.58378837236,12,9,7,150
16,"SBT","Orpheus_Island","30m",2,"16_2_SBT",893.847885987557,9,6,5,150
16,"SBT","Orpheus_Island","30m",3,"16_3_SBT",9078.77702829727,30,10,8,150
16,"SBT","Orpheus_Island","30m",4,"16_4_SBT",4263.35307614251,24,15,12,150
16,"SBT","Orpheus_Island","50m",1,"16_1_SBT",28988.4411865926,79,12,9,250
16,"SBT","Orpheus_Island","50m",2,"16_2_SBT",20521.0406796342,32,17,15,250
16,"SBT","Orpheus_Island","50m",3,"16_3_SBT",15889.7015563232,56,18,13,250
16,"SBT","Orpheus_Island","50m",4,"16_4_SBT",8630.80358053034,46,18,14,250
16,"SBT","Orpheus_Island","Instant",1,"16_1_SBT",6476.86702320001,17,7,6,78.5
16,"SBT","Orpheus_Island","Instant",2,"16_2_SBT",483.745790576184,5,4,4,78.5
16,"SBT","Orpheus_Island","Instant",3,"16_3_SBT",9833.27661022286,5,4,4,78.5
16,"SBT","Orpheus_Island","Instant",4,"16_4_SBT",1064.46090957755,8,5,5,78.5
16,"SKC","Orpheus_Island","10min",1,"16_1_SKC",5470.90271329129,24,12,11,78.5
16,"SKC","Orpheus_Island","10min",2,"16_2_SKC",16162.8940879577,46,9,8,78.5
16,"SKC","Orpheus_Island","10min",3,"16_3_SKC",2655.02438031946,29,14,9,78.5
16,"SKC","Orpheus_Island","10min",4,"16_4_SKC",5668.04857522287,30,10,7,78.5
16,"SKC","Orpheus_Island","20m",1,"16_1_SKC",941.217724321889,9,5,5,100
16,"SKC","Orpheus_Island","20m",2,"16_2_SKC",691.707032486455,10,7,6,100
16,"SKC","Orpheus_Island","20m",3,"16_3_SKC",4176.55488465849,15,11,10,100
16,"SKC","Orpheus_Island","20m",4,"16_4_SKC",1991.52223239377,7,7,6,100
16,"SKC","Orpheus_Island","30m",1,"16_1_SKC",457.692399135467,6,3,3,150
16,"SKC","Orpheus_Island","30m",2,"16_2_SKC",3190.31684572028,32,13,9,150
16,"SKC","Orpheus_Island","30m",3,"16_3_SKC",15279.002004937,31,15,11,150
16,"SKC","Orpheus_Island","30m",4,"16_4_SKC",5936.18541888822,28,12,10,150
16,"SKC","Orpheus_Island","50m",1,"16_1_SKC",1398.91012345736,15,7,6,250
16,"SKC","Orpheus_Island","50m",2,"16_2_SKC",3882.02387820673,42,16,11,250
16,"SKC","Orpheus_Island","50m",3,"16_3_SKC",19455.5568895955,46,18,13,250
16,"SKC","Orpheus_Island","50m",4,"16_4_SKC",7927.70765128199,35,15,11,250
16,"SKC","Orpheus_Island","Instant",1,"16_1_SKC",1589.73761537679,4,4,4,78.5
16,"SKC","Orpheus_Island","Instant",2,"16_2_SKC",2483.82794628744,4,4,4,78.5
16,"SKC","Orpheus_Island","Instant",3,"16_3_SKC",1677.9728223678,10,7,6,78.5
16,"SKC","Orpheus_Island","Instant",4,"16_4_SKC",289.848394186119,4,4,3,78.5
